jewish_diaspora = {
	color = rgb { 0  40  255 }

	male_names = {
		Chaikeh Eli Jonah Asher Aron Abel Abraham Avraam Bernal Berthold Immanuel Gabriel Gershon Gideon Isaac Israel Issachar Jacob Joel Joseph Mordecai Manasseh Moses Naftali Nathan Reuven Samson Samuel Simeon Simon Solomon Yohanan Zachariah Chaim Moshe Malachi Jaffe Maimon Melamed Nathan Karl Amiel Benjamin Lazarus Matai Meshach Noah Shulamith Shylock Seraphim Seth Shafir Shailen Saul Tivon Yechezkel Yehudi Yan Yanis Ronas Yosef Tobias Tov Dov Zakai Zakur Zamir Zabulon
	}
	female_names = {
		Edel Gitl Glickl Perl Sarah Bathsheba Margolis Ariel Arnon Beryl Bracha Chaka Chanah Daga Danuta Davan Dodie Dorrit Edna Elam Hariel Hadassa Hila Janica Jariah Jemima Jerusha Jezebel Joan Liana Miriam Mariam Mariah Mara Naysa Neorah Netta Nisi Rachel Rayna Richael Shaine Sharay Shari Sharon Sheba Susan Tamra Tebeth Tema Temira Thadine Tiarra Timera Tivona Tobit Tora Tova Tzlia Yadira Vida Zayra Zana Zuriel Zeph Zephath Zhalore Rita
	}
	family = {
		Chotek.Chotek.Chotek.Chotek
		Lichnowsky.Lichnowsky.Lichnowsky.Lichnowsky
		Lobkowicz.Lobkowicz.Lobkowicz.Lobkowicz
		Nostitz.Nostitz.Nostitz.Nostitz
		Kutscha.Kutscha.Kutscha.Kutscha
		Kounic.Kounic.Kounic.Kounic
		Vítkovec.Vítkovec.Vítkovec.Vítkovec
		Zerotín.Zerotín.Zerotín.Zerotín
		Czernín.Czernín.Czernín.Czernín
		Kinsky.Kinsky.Kinsky.Kinsky
		
	}

	culture = {
		ashkenazi = {
			male_names = {
				Chaikeh Eli Jonah Asher Aron Abel Abraham Avraam Bernal Berthold Immanuel Gabriel Gershon Gideon Isaac Israel Issachar Jacob Joel Joseph Mordecai Manasseh Moses Naftali Nathan Reuven Samson Samuel Simeon Simon Solomon Yohanan Zachariah Chaim Moshe Malachi Jaffe Maimon Melamed Nathan Karl Amiel Benjamin Lazarus Matai Meshach Noah Shulamith Shylock Seraphim Seth Shafir Shailen Saul Tivon Yechezkel Yehudi Yan Yanis Ronas Yosef Tobias Tov Dov Zakai Zakur Zamir Zabulon Lowe Lobi Schmuel Zipkiyah Konrad Heinrich Arnold Adam Adolf Ruprecht Wilhelm Georg Johannes Johann Sebastian Engelbert Otto Ludwig Viktor Erich Bertold Friedrich Ernst Hans Hermann Paul Walter Günter Gerhard Heinz Herbert Kurt Werner Dieter Jürgen Klaus Manfred Peter Uwe Wolfgang Andreas Frank Jörg Michael Peter Stefan Thomas Lukas Jonas Jan Jannik Gustav Maximilian Fritz August Emil Robert Hugo Artur Oscar Albert Immanuel Ahron Anschil Faivish Froim Hershel Lantz Menahem Malgrim Teive Yehoshua Yehudi Yochanan Zelig Zemel Zalman Joel Jonathan Shon
			}
			female_names = {
				Edel Gitl Glickl Perl Sarah Bathsheba Margolis Ariel Arnon Beryl Bracha Chaka Chanah Daga Danuta Davan Dodie Dorrit Edna Elam Hariel Hadassa Hila Janica Jariah Jemima Jerusha Jezebel Joan Liana Miriam Mariam Mariah Mara Naysa Neorah Netta Nisi Rachel Rayna Richael Shaine Sharay Shari Sharon Sheba Susan Tamra Tebeth Tema Temira Thadine Tiarra Timera Tivona Tobit Tora Tova Tzlia Yadira Vida Zayra Zana Zuriel Zeph Zephath Zhalore Rita Theresa Maria Wilhelmina Helena Julia Anna Mathilda Gunhilda Rosalinda Rosamund Helmut Heidi Bertha Elisabeth Emma Frieda Margarethe Marie Martha Gertrud Edith Elfriede Erna Hildegard Ilse Irmgard Lieselotte Ursula Christine Christa Elke Erika Gisela Helga Ingrid Karin Monika Renate Birgit Gabriele Martina Susanne Andrea Christina Stefanie Laura Lena Sarah Metha Agnes Olga Clara Luise Karoline Hedwig Johanna Alma Käthe Ida Zemira Mina Reina Shayne Mirel Hinda Hode Libke Mesh Toiba Evelyn
			}
			family = {
				Chotek.Chotek.Chotek.Chotek
				Lichnowsky.Lichnowsky.Lichnowsky.Lichnowsky
				Lobkowicz.Lobkowicz.Lobkowicz.Lobkowicz
				Nostitz.Nostitz.Nostitz.Nostitz
				Kutscha.Kutscha.Kutscha.Kutscha
				Kounic.Kounic.Kounic.Kounic
				Vítkovec.Vítkovec.Vítkovec.Vítkovec
				Zerotín.Zerotín.Zerotín.Zerotín
				Czernín.Czernín.Czernín.Czernín
				Kinsky.Kinsky.Kinsky.Kinsky
				Rosenberg.Rosenberg.Rosenberg.Rosenberg
				Waldstein.Waldstein.Waldstein.Waldstein
				Jeszenszky.Jeszenszky.Jeszenszky.Jeszenszky
				Gabai.Gabai.Gabai.Gabai.Gabai
				Gilboa.Gilboa.Gilboa.Gilboa
				Levavi.Levavi.Levavi.Levavi
				Porat.Porat.Porat.Porat
				Shochet.Shochet.Shochet.Shochet
				Sassoon.Sassoon.Sassoon.Sassoon
				Elkin.Elkin.Elkin.Elkin
				Cohen.Cohen.Cohen.Cohen
				Netanyahu.Netanyahu.Netanyahu.Netanyahu
				Rachmamn.Rachmamn.Rachmamn.Rachmamn
				Sagan.Sagan.Sagan.Sagan
				Schul.Schul.Schul.Schul
				Katz.Katz.Katz.Katz
				Bieber.Bieber.Bieber.Bieber
				Freud.Freud.Freud.Freud
				Koch.Koch.Koch.Koch.Koch
				Leibowitz.Leibowitz.Leibowitz.Leibowitz
				Slezak.Slezak.Slezak.Slezak
				Tucker.Tucker.Tucker.Tucker
				Lewandowski.Lewandowski.Lewandowski.Lewandowski
				Unger.Unger.Unger.Unger
				Slutsky.Slutsky.Slutsky.Slutsky
				Smolensky.Smolensky.Smolensky.Smolensky
				Angelos.Angelos.Angelos.Angelos
				Jagoda.Jagoda.Jagoda.Jagoda
				Bakker.Bakker.Bakker.Bakker
				Frank.Frank.Frank.Frank
				Klein.Klein.Klein.Klein
				Maandag.Maandag.Maandag.Maandag
				Abramczyk.Abramczyk.Abramczyk.Abramczyk
				BaronCohen.BaronCohen.BaronCohen.BaronCohen
				Eisenstein.Eisenstein.Eisenstein.Eisenstein
				Garfunkel.Garfunkel.Garfunkel.Garfunkel
				Gerswhin.Gerswhin.Gerswhin.Gerswhin
				Goldfarb.Goldfarb.Goldfarb.Goldfarb
				Goldblum.Goldblum.Goldblum.Goldblum
				Goldberg.Goldberg.Goldberg.Goldberg
				Goldmann.Goldmann.Goldmann.Goldmann
				Gollancz.Gollancz.Gollancz.Gollancz
				Gutfrend.Gutfrend.Gutfrend.Gutfrend
				Greenspun.Greenspun.Greenspun.Greenspun
				Greenblatt.Greenblatt.Greenblatt.Greenblatt
				Einstein.Einstein.Einstein.Einstein
				Feuchtwanger.Feuchtwanger.Feuchtwanger.Feuchtwanger
				Fichtenholz.Fichtenholz.Fichtenholz.Fichtenholz
				Berkowitz.Berkowitz.Berkowitz.Berkowitz
				Katz.Katz.Katz.Katz
				Heilprin.Heilprin.Heilprin.Heilprin
				Birnbaum.Birnbaum.Birnbaum.Birnbaum
				Rimmer.Rimmer.Rimmer.Rimmer
				Adenauer.Adenauer.Adenauer.Adenauer
				Braun.Braun.Braun.Braun
				Meyer.Meyer.Meyer.Meyer
				Teck.Teck.Teck.Teck
				Schwarz.Schwarz.Schwarz.Schwarz
				Schliemann.Schliemann.Schliemann.Schliemann
				Buelow.Buelow.Buelow.Buelow
				Müller.Müller.Müller.Müller
				Schmidt.Schmidt.Schmidt.Schmidt
				Schneider.Schneider.Schneider.Schneider
				Fischer.Fischer.Fischer.Fischer
				Weber.Weber.Weber.Weber
				Wagner.Wagner.Wagner.Wagner
				Becker.Becker.Becker.Becker
				Hoffman.Hoffman.Hoffman.Hoffman
				Zimmermann.Zimmermann.Zimmermann.Zimmermann
				Lange.Lange.Lange.Lange
				Maier.Maier.Maier.Maier
				Schäfer.Schäfer.Schäfer.Schäfer
				Bauer.Bauer.Bauer.Bauer
				Richter.Richter.Richter.Richter
				Koch.Koch.Koch.Koch
				Lehmann.Lehmann.Lehmann.Lehmann
				Schulze.Schulze.Schulze.Schulze
				Klein.Klein.Klein.Klein
				Baumstark.Baumstark.Baumstark.Baumstark
				Fahr.Fahr.Fahr.Fahr
				Freundel.Freundel.Freundel.Freundel
				Frenzel.Frenzel.Frenzel.Frenzel
				Fassbender.Fassbender.Fassbender.Fassbender
				Gehrig.Gehrig.Gehrig.Gehrig
				Gentner.Gentner.Gentner.Gentner
				Fischl.Fischl.Fischl.Fischl
				Franzmann.Franzmann.Franzmann.Franzmann
				Wachsmuth.Wachsmuth.Wachsmuth.Wachsmuth
				Wachs.Wachs.Wachs.Wachs
			}
		}

		sephardi = {
			male_names = {
				Chaikeh Eli Jonah Asher Aron Abel Abraham Avraam Bernal Manuel Immanuel Gabriel Gershon Gideon Isaac Israel Issachar Jacob Joel Joseph Mordecai Manasseh Moses Naftali Nathan Reuven Samson Samuel Simeon Simon Solomon Yohanan Zachariah Chaim Moshe Malachi Jaffe Maimon Melamed Nathan Carlos Amiel Benjamin Lazarus Matai Meshach Noah Shulamith Shylock Seraphim Seth Shafir Shailen Saul Tivon Yechezkel Yehudi Yan Yanis Ronas Yosef Tobias Tov Dov Zakai Zakur Zamir Zabulon Juan Giacomo José Martín Henri Emilio René Salvador Franco Serge Patrick
			}
			female_names = {
				Glickl Perl Sarah Bathsheba Margolis Carmel Ariel Arnon Beryl Bracha Chaka Chanah Daga Danuta Davan Dodie Dorrit Edna Elam Hariel Hadassa Hila Janica Jariah Jemima Jerusha Jezebel Joan Liana Miriam Mariam Mariah Mara Naysa Neorah Netta Nisi Rachel Rayna Richael Shaine Sharay Shari Sharon Sheba Susan Tamra Tebeth Tema Temira Thadine Tiarra Timera Tivona Tobit Tora Tova Tzlia Yadira Vida Zayra Zana Zuriel Zeph Zephath Zhalore Rita
			}
			family = {
				Brito.Brito.Brito.Brito
				Cohen.Cohen.Cohen.Cohen
				Barzilai.Barzilai.Barzilai.Barzilai
				Behar.Behar.Behar.Behar
				Benetton.Benetton.Benetton.Benetton
				Bocarro.Bocarro.Bocarro.Bocarro
				Carbalho.Carbalho.Carbalho.Carbalho
				Cardozo.Cardozo.Cardozo.Cardozo
				Duarte.Duarte.Duarte.Duarte
				Dayan.Dayan.Dayan.Dayan
				Elhadad.Elhadad.Elhadad.Elhadad
				Espinoza.Espinoza.Espinoza.Espinoza
				Ezra.Ezra.Ezra.Ezra
				Galo.Galo.Galo.Galo
				Gattegno.Gattegno.Gattegno.Gattegno
				Lopez.Lopez.Lopez.Lopez
				Meneses.Meneses.Meneses.Meneses
				Masliah.Masliah.Masliah.Masliah
				Luna.Luna.Luna.Luna
				Oliveira.Oliveira.Oliveira.Oliveira
				Salazar.Salazar.Salazar.Salazar
				Suárez.Suárez.Suárez.Suárez
				Souza.Souza.Souza.Souza
				Varon.Varon.Varon.Varon
				Vidal.Vidal.Vidal.Vidal.Vidal
				Zaldivar.Zaldivar.Zaldivar.Zaldivar
				Colon.Colon.Colon.Colon
				Galante.Galante.Galante.Galante
				Petito.Petito.Petito.Petito.Petito
				Modiano.Modiano.Modiano.Modiano
				Modigliani.Modigliani.Modigliani.Modigliani
				Moissan.Moissan.Moissan.Moissan
				Canetti.Canetti.Canetti.Canetti
				Benacerraf.Benacerraf.Benacerraf.Benacerraf
				Luria.Luria.Luria.Luria.Luria
			}
		}

		italki = {
			male_names = {
				Primo Elia Elìas Elio Giona Aronne Abele Abramo Ciro Prospero Manuele Immanuel Emanuele Esaù Davide David Gabriele Gideone Michele Isacco Israel Issachar Giacobbe Gioele Giuseppe Mordecai Moses Naftali Sansone Samuel Samuele Simeone Simon Simone Solomone Zaccaria Malachia Beniamino Giobbe Lazzaro Noè Shulamith Tullio Serafino Seth Saulo Taddeo Giovanni Yanis Ronas Silvio Tobia Giacomo Enrico Emilio René Salvatore Franco Felice Sergio Oscar Hugo Ugo Haim Aldo Arturo Angelo Azaria Shlomo Sisto Vittorio Umberto Giacomo Cino
			}
			female_names = {
				 Valeria Aida Anita Arianna Perla Elvira Margherita Sara Dalia Ariel Prospera Andra Anna Tatiana Serafina Ada Bracha Carmela Bethany Giuditta Gabriela Samuela Simona Giovanna Ester Franca Alberta Vittoria Umberta Edna Elam Gezabele Liana Miriam Mariam Maria Mara Nera Rachel Rachele Sharon Sheba Susanna Tamara Taddea Debora Deborah Timera Talia Rita Glickl Giulia Julie Marta Laura Salomè Silvia Lia Irene Raffaella Magdalena Maddalena Michela Vera Gessica 
			}
			family = {
				Artom.Artom.Artom.Artom
				Ascoli.Ascoli.Ascoli.Ascoli
				Brescia.Brescia.Brescia.Brescia
				Colombo.Colombo.Colombo.Colombo
				Cohen.Cohen.Cohen.Cohen
				Coen.Coen.Coen.Coen
				Cremona.Cremona.Cremona.Cremona
				Barzilai.Barzilai.Barzilai.Barzilai
				Behar.Behar.Behar.Behar
				Benetton.Benetton.Benetton.Benetton
				Bachi.Bachi.Bachi.Bachi
				Calabresi.Calabresi.Calabresi.Calabresi
				Carpi.Carpi.Carpi.Carpi
				Cantoni.Cantoni.Cantoni.Cantoni
				Fano.Fano.Fano.Fano
				Ferri.Ferri.Ferri.Ferri
				Finzi.Finzi.Finzi.Finzi
				Fiorentini.Fiorentini.Fiorentini
				Foà.Foà.Foà.Foà
				Franceschini.Franceschini.Franceschini.Franceschini
				Fubini.Fubini.Fubini.Fubini
				Efrati.Efrati.Efrati.Efrati
				De Benedetti.De Benedetti.De Benedetti.De Benedetti
				D'Ancona.D'Ancona.D'Ancona.D'Ancona
				Da Como.Da Como.Da Como.Da Como
				Di Segni.Di Segni.Di Segni.Di Segni
				Della Seta.Della Seta.Della Seta.Della Seta
				Della Rocca.Della Rocca.Della Rocca.Della Rocca
				Ezra.Ezra.Ezra.Ezra
				Guastalla.Guastalla.Guastalla.Guastalla
				Gattegno.Gattegno.Gattegno.Gattegno
				Ginzburg.Ginzburg.Ginzburg.Ginzburg
				Gluck.Gluck.Gluck.Gluck
				Iezzi.Iezzi.Iezzi.Iezzi
				Liegi.Liegi.Liegi.Liegi
				Lombroso.Lombroso.Lombroso.Lombroso
				Luzzatto.Luzzatto.Luzzatto.Luzzatto
				Mayer.Mayer.Mayer.Mayer
				Milano.Milano.Milano.Milano
				Montalcino.Montalcino.Montalcino.Montalcino.
				Montefiore.Montefiore.Montefiore.Montefiore
				Levi.Levi.Levi.Levi
				Livorno.Livorno.Livorno.Livorno
				Luna.Luna.Luna.Luna
				Piperno.Piperno.Piperno.Piperno
				Ravenna.Ravenna.Ravenna.Ravenna
				Ottolenghi.Ottolenghi.Ottolenghi.Ottolenghi
				Schiff.Schiff.Schiff.Schiff
				Segre.Segre.Segre.Segre
				Sinigallia.Sinigallia.Sinigallia.Sinigallia
				Spizzichino.Spizzichino.Spizzichino.Spizzichino
				Supino.Supino.Supino.Supino
				Venezia.Venezia.Venezia.Venezia
				Vivanti.Vivanti.Vivanti.Vivanti
				Zargani.Zargani.Zargani.Zargani
				Orvieto.Orvieto.Orvieto.Orvieto
				Galante.Galante.Galante.Galante
				Petito.Petito.Petito.Petito.Petito
				Modiano.Modiano.Modiano.Modiano
				Modigliani.Modigliani.Modigliani.Modigliani
				Morpurgo.Morpurgo.Morpurgo.Morpurgo.
				Canetti.Canetti.Canetti.Canetti
				Treves.Treves.Treves.Treves
				Parenzo.Parenzo.Parenzo.Parenzo.
			}
		}

		mizrahi = {
			male_names = {
				Chaikeh Eli Jonah Asher Aron Abel Abraham Avraam Gabriel Gershon Gideon Isaac Israel Issachar Jacob Joel Joseph Mordecai Manasseh Moses Naftali Nathan Reuven Samson Samuel Simeon Simon Solomon Yohanan Zachariah Chaim Moshe Malachi Jaffe Maimon Melamed Nathan Amiel Benjamin Lazarus Matai Meshach Noah Shulamith Shylock Seraphim Seth Shafir Shailen Saul Tivon Yechezkel Yehudi Yan Yanis Ronas Yosef Tobias Tov Dov Zakai Zakur Zamir Zabulon
			}
			female_names = {
				Perl Sarah Bathsheba Margolis Ariel Arnon Beryl Bracha Chaka Chanah Daga Danuta Davan Dodie Dorrit Edna Elam Hariel Hadassa Hila Janica Jariah Jemima Jerusha Jezebel Joan Liana Miriam Mariam Mariah Mara Naysa Neorah Netta Nisi Rachel Rayna Richael Shaine Sharay Shari Sharon Sheba Susan Tamra Tebeth Tema Temira Thadine Tiarra Timera Tivona Tobit Tora Tova Tzlia Yadira Vida Zayra Zana Zuriel Zeph Zephath Zhalore
			}
			family = {
				Abrach.Abrach.Abrach.Abrach
				Abocassis.Abocassis.Abocassis.Abocassis
				Abu.Abu.Abu.Abu
				Habibi.Habibi.Habibi.Habibi
				Hadad.Hadad.Hadad.Hadad
				Haziz.Haziz.Haziz.Haziz
				Hysh.Hysh.Hysh.Hysh
				Jamil.Jamil.Jamil.Jamil
				Khalili.Khalili.Khalili.Khalili
				Maklof.Maklof.Maklof.Maklof
				Mofaz.Mofaz.Mofaz.Mofaz
				Mograbi.Mograbi.Mograbi.Mograbi
				Nazarian.Nazarian.Nazarian.Nazarian
				Naqqash.Naqqash.Naqqash.Naqqash
				Sabag.Sabag.Sabag.Sabag
				Sassoon.Sassoon.Sassoon.Sassoon
				Shamy.Shamy.Shamy.Shamy
				Sharabani.Sharabani.Sharabani.Sharabani
				Sheriki.Sheriki.Sheriki.Sheriki
				Shirazi.Shirazi.Shirazi.Shirazi
				Soliman.Soliman.Soliman.Soliman
				Yarkoni.Yarkoni.Yarkoni.Yarkoni
				Zangi.Zangi.Zangi.Zangi
				Zeitouni.Zeitouni.Zeitouni.Zeitouni
			}
		}

		krymchak = { # Turkic-speaking non-Karaite Jews
			male_names = {
				Chaikeh Eli Jonah Asher Aron Abel Abraham Avraam Gabriel Gershon Gideon Isaac Israel Issachar Jacob Joel Joseph Mordecai Manasseh Naftali Nathan Reuven Samson Samuel Simeon Simon Solomon Yohanan Zachariah Chaim Mosheh Malachi Jaffe Maimon Melamed Nathan Amiel Benjamin Lazarus Matai Meshach Noah Shulamith Shylock Seraphim Seth Shafir Shailen Saul Tivon Yechezkel Yehudi Yan Yanis Ronas Yosef Tobias Tov Dov Zakai Zakur Zamir Zabulon Chaim Hezekiah
			}
			female_names = {
				Perl Sarah Bathsheba Margolis Ariel Arnon Beryl Bracha Chaka Chanah Daga Danuta Davan Dodie Dorrit Edna Elam Hariel Hadassa Hila Janica Jariah Jemima Jerusha Jezebel Joan Liana Miriam Mariam Mariah Mara Naysa Neorah Netta Nisi Rachel Rayna Richael Shaine Sharay Shari Sharon Sheba Susan Tamra Tebeth Tema Temira Thadine Tiarra Timera Tivona Tobit Tora Tova Tzlia Yadira Vida Zayra Zana Zuriel Zeph Zephath Zhalore
			}
			family = {
				Medini.Medini.Medini.Medini
				Kirimi.Kirimi.Kirimi.Kirimi
				Lekhno.Lekhno.Lekhno.Lekhno
				Barukh.Barukh.Barukh.Barukh
				Kaya.Kaya.Kaya.Kaya
			}
		}
	}
	
	barbarian_names = { JEWISH_DIASPORA }
	
	graphical_culture = western_1815_gfx
	
	ethnicities = {
		10 = iberian
	}	
}
